,ece,conf_correct,conf_wrong
SetA,0.0296228799500001,0.9773596921785335,0.7894396093220339
SetB,0.03205184317999994,0.9920678331794334,0.8390437629787235
NTU,0.36947103005000004,0.90724080812749,0.8454541051606426
