class,SetAŌåöSetB,SetAŌåöNTU,SetBŌåöNTU
Stroma,13.951814,14.58046,14.215027
Normal,18.573097,14.608216,21.421179
G3,16.022217,26.150663,22.510218
G4,14.935102,16.425354,21.899496
G5,16.673014,10.118509,15.720832
